genre,weightedscore
teen,0.242715769
creampie,0.192951393
milf,0.139778901
college,0.116981857
asian,0.084776251
ebony,0.057636914
massage,0.050465396
hentai,0.037966306
compilation,0.035685685
pov,0.026863586
anita queen,0.00559267
anal,0.002688294
lesbian,0.001834361
hawaii,0.001684087
bbw,0.000656792
smoking,0.000626166
parody,0.000519106
wife,0.000367742
brcc,0.000208722
